timestamp,fps
0.11038589477539062,9.059128451463524
0.3029608726501465,5.192782629581116
0.33989572525024414,27.074698546308966
0.37369275093078613,29.58840252548411
0.4079098701477051,29.2251370917731
0.4389019012451172,32.26635895068851
0.47564172744750977,27.218419447364663
0.5076379776000977,31.2536623895322
0.5415055751800537,29.526747435780106
0.5765297412872314,28.551714748607914
0.6061697006225586,33.73823792018919
0.6432337760925293,26.98030336167968
0.6701278686523438,37.182886828247725
0.7071306705474854,27.024980509146204
0.7381339073181152,32.25469674015857
0.7717409133911133,29.755700279515885
0.8049757480621338,30.088911526073016
0.8416867256164551,27.239808542834318
0.8726828098297119,32.26213973093756
0.9055948257446289,30.38403975572829
0.9425427913665771,27.065089597408548
0.9716627597808838,34.34069658910413
1.0045068264007568,30.44689963559285
1.039538860321045,28.545302344574132
1.0725135803222656,30.326262056599134
1.1096649169921875,26.9169319231954
1.1401777267456055,32.77312080012502
1.1752266883850098,28.531515720446784
1.204770803451538,33.84768837205549
1.2430267333984375,26.13973837227419
1.2730576992034912,33.298962360768186
1.308222770690918,28.43730888923542
1.337068796157837,34.666820950664935
1.3740909099578857,27.010883424994525
1.4041547775268555,33.26252012339707
1.441476821899414,26.793816276989908
1.4686238765716553,36.83640866655542
1.5056169033050537,27.032121680845577
1.5367558002471924,32.114175459014135
1.569753646850586,30.305007839425446
1.6053338050842285,28.105552354021203
1.6383867263793945,30.254511880202546
1.6728267669677734,29.035970426162322
1.7037677764892578,32.319566021452346
1.7374298572540283,29.707016835589176
1.772413730621338,28.58459923807187
1.8019216060638428,33.88925786773321
1.8369536399841309,28.545302344574132
1.8650386333465576,35.60620389313819
1.9020798206329346,26.99697480722442
1.933089017868042,32.248496870723194
1.9702208042144775,26.931104005342167
2.0011708736419678,32.31010522747932
2.039381980895996,26.170401013296395
2.069967746734619,32.69494722728903
2.1014888286590576,31.724799370693372
2.1342546939849854,30.51956632467438
2.170212745666504,27.81018306712019
2.2013227939605713,32.143955243897764
2.2394676208496094,26.215874642948666
2.269446849822998,33.35642824195575
2.3021366596221924,30.590572601760616
2.3390517234802246,27.08921224803498
2.3700428009033203,32.26735186866278
2.4070427417755127,27.02707021760563
2.4381368160247803,32.16046864696591
2.475080966949463,27.06788422445226
2.5061607360839844,32.17527117629911
2.5396406650543213,29.868641623642514
2.572751760482788,30.201356586356372
2.6094918251037598,27.218242817928733
2.6391987800598145,33.66215088282504
2.676292657852173,26.95862658516676
2.707394599914551,32.15233305992288
2.7443718910217285,27.04362515635679
2.7754387855529785,32.18860510805501
2.8124728202819824,27.002188859990216
2.8435518741607666,32.176011660465655
2.880567789077759,27.015406811975062
2.911618709564209,32.20516443099887
2.948772668838501,26.91503192479225
2.9795656204223633,32.47496419031396
3.014603614807129,28.54044637996734
3.0470058917999268,30.86202862293514
3.084178924560547,26.90122181958118
3.114001750946045,33.53136242265322
3.150498628616333,27.39960412597417
3.1778769493103027,36.52524971044909
3.216350793838501,25.991683759783356
3.2448198795318604,35.12582071552995
3.278442859649658,29.7415635525616
3.313488721847534,28.534039035872457
3.342841863632202,34.06790344065759
3.376917839050293,29.346188560433795
3.4084877967834473,31.675683840077333
3.4428086280822754,29.136823385572967
3.476874828338623,29.354609333445314
3.5055437088012695,34.881027227516924
3.539595603942871,29.36694113034224
3.572802782058716,30.11397103696843
3.609792709350586,27.034386742895446
3.6407926082611084,32.2581697084362
3.677893877029419,26.953256133766885
3.709047794342041,32.098692115191824
3.7459747791290283,27.080467191363805
3.772169828414917,38.17515245289888
3.8079707622528076,27.932232285562065
3.8409438133239746,30.327797019501226
3.877917766571045,27.046066546298686
3.9095616340637207,31.601699767939483
3.9444148540496826,28.69175359989055
3.9772677421569824,30.4387241917341
4.013860702514648,27.327660572575287
4.042474985122681,34.94758242582301
4.0787599086761475,27.559655693540968
4.107308626174927,35.027843196205176
4.139944791793823,30.640854433616294
4.172262907028198,30.9423984891407
4.204660892486572,30.866116699905067
4.238202810287476,29.813441376123965
4.273238658905029,28.542194336887807
4.301652908325195,35.19360955881119
4.3347697257995605,30.19613828454594
4.37259578704834,26.436799576436773
4.401050806045532,35.14318511256902
4.439131736755371,26.259862386757074
4.464766979217529,39.00879819943825
4.50269079208374,26.368656641351908
4.533377647399902,32.58724263848963
4.569799900054932,27.455742769988085
4.597258806228638,36.418056628838855
4.630372762680054,30.19874721002232
4.663960695266724,29.77259756668891
4.698067903518677,29.319315512806174
4.726328611373901,35.384817858167274
4.761757850646973,28.225274392500722
4.7956578731536865,29.49850548925007
4.830782890319824,28.469736976073307
4.8568456172943115,38.36897040662306
4.890371799468994,29.827434414979482
4.92523980140686,28.679590008683938
4.953755855560303,35.067965386062454
4.991152763366699,26.740178764966146
5.019173860549927,35.68739630218925
5.052685737609863,29.840166762711743
5.082886695861816,33.1115321460149
5.11462664604187,31.50603559007564
5.152435779571533,26.448635730185455
5.1797099113464355,36.66477848875835
5.213589906692505,29.51594266130905
5.2428107261657715,34.22217508016416
5.28054666519165,26.499936819227173
5.310301780700684,33.60766654380539
5.347625970840454,26.79227590083616
5.377568960189819,33.39679910820925
5.4102678298950195,30.58209684357888
5.444034814834595,29.614725797682677
5.47569465637207,31.585755058701267
5.509547710418701,29.539432354391153
5.541562795639038,31.235275280940712
5.573593854904175,31.21969809747819
5.606263637542725,30.609325169492145
5.639153718948364,30.40430297714406
5.670795679092407,31.60360468971337
5.704387664794922,29.769005287625536
5.734119892120361,33.63353808156785
5.76823878288269,29.309276405436567
5.796964645385742,34.811835498194796
5.829454660415649,30.778686900559904
5.861642837524414,31.067307621086314
5.894327640533447,30.59525858924794
5.95129656791687,17.553428613279205
5.983269691467285,31.276268595503524
6.017842769622803,28.92423970760637
6.04784893989563,33.32647888443049
6.0862767696380615,26.0228070828525
6.114617824554443,35.28450168670239
6.150331735610962,28.000293734770853
6.179037809371948,34.835833291805784
6.212418794631958,29.957174487536605
6.24767279624939,28.365574236132716
6.276259660720825,34.98110123267335
6.3097357749938965,29.87204523926529
6.343349933624268,29.749368740602037
6.3783118724823,28.602532715952563
6.408715009689331,32.89134253450439
6.4439496994018555,28.381121223398857
6.47314190864563,34.25571499742733
6.508869886398315,27.989269555700883
6.539461851119995,32.68832221460191
6.57360577583313,29.28778716570072
6.606059551239014,30.813056031031216
6.639953851699829,29.503485435732223
6.671921730041504,31.281400326663334
6.704137802124023,31.040407329563955
6.737377643585205,30.084379348434204
6.771180629730225,29.583185216532655
6.803650617599487,30.797670883845246
6.837167739868164,29.835496973275195
6.87062668800354,29.88737111381888
6.899638652801514,34.46853761761926
6.932692766189575,30.253420754621715
6.966105699539185,29.928530654184268
6.997529745101929,31.82276444970486
7.029798746109009,30.98949359419562
7.062148809432983,30.911840573087865
7.095234632492065,30.224425676649467
7.1293346881866455,29.32546530001538
7.162441968917847,30.204836456337947
7.196638822555542,29.242456355624967
7.230064868927002,29.916789706060673
7.265143632888794,28.507275829023115
7.300208806991577,28.518324108951955
7.328271865844727,35.634034238137716
7.361019849777222,30.536230934439956
7.392824649810791,31.441794916003868
7.426820755004883,29.415134301143137
7.4629247188568115,27.6977897524285
7.493663787841797,32.531889644688164
7.5280468463897705,29.084090893331393
7.559875726699829,31.418007490636704
7.592224836349487,30.91275187570938
7.6259167194366455,29.68073934642003
7.6586997509002686,30.503585402394148
7.6930906772613525,29.077437155969662
7.728933811187744,27.899346135681835
7.761725902557373,30.495157772284426
7.799455881118774,26.50412319669386
7.831344842910767,31.35881332615587
7.864034652709961,30.590572601760616
7.897341728210449,30.023650680028634
7.938419818878174,24.34387732596608
7.970019817352295,31.64557114833258
8.0014808177948,31.78538463287283
8.034597873687744,30.195920894437126
8.067806959152222,30.112241454816964
8.10133981704712,29.821496370345617
8.140569686889648,25.49078046942422
8.180579662322998,24.993766908601188
8.217309951782227,27.2254865050825
8.244329929351807,37.00965322509486
8.27810788154602,29.60511028763014
8.307439804077148,34.09254879010299
8.342848539352417,28.241618691714642
8.371611833572388,34.76653238507319
8.40603494644165,29.050248993981203
8.435512781143188,33.9237942720339
8.469677686691284,29.269801392901506
8.49895977973938,34.15056424953997
8.53135061264038,30.872932568803964
8.564543962478638,30.126516452023015
8.59786581993103,30.010331849859046
8.630538940429688,30.60619814508067
8.663211584091187,30.606644823736307
8.69899582862854,27.945259510960092
8.731500625610352,30.76468991821616
8.763305902481079,31.441323528309383
8.795079708099365,31.472465464586662
8.82724666595459,31.087801479417127
8.861751794815063,28.981198825358437
8.893847703933716,31.156618630218393
8.943681716918945,20.0666159535736
8.97603464126587,30.909106987575353
9.009138822555542,30.20766444122752
9.039360761642456,33.088545282423475
9.071967840194702,30.668187534731363
9.105973958969116,29.40647260081889
9.13472056388855,34.78671665063199
9.171284914016724,27.34904343970475
9.198566913604736,36.654204790743606
9.230501890182495,31.31362872820934
9.262104749679565,31.64270625867584
9.297400712966919,28.33185177179449
9.329100608825684,31.545844959724427
9.366727828979492,26.57650487897605
9.398254632949829,31.719041389063243
9.43128490447998,30.275258230534362
9.462722778320312,31.80876687395723
9.494991779327393,30.98949359419562
9.527828931808472,30.453310486535152
9.56336784362793,28.138171621014216
9.59560489654541,31.020205307221254
9.627663850784302,31.192533372996692
9.659737825393677,31.1779257849667
9.696986675262451,26.846466495554715
9.729912757873535,30.37105907227991
9.762006759643555,31.15847027010965
9.794111967086792,31.147595036351078
9.827326774597168,30.107053900210317
9.859458684921265,31.12171016019767
9.895394802093506,27.82715770897052
9.93072772026062,28.30221934317159
9.96347689628601,30.53511939429237
9.995225667953491,31.497281547565407
10.029863834381104,28.869888424660836
10.062984943389893,30.19222574143392
10.095663785934448,30.600839017984168
10.127201795578003,31.7077713940127
10.158852815628052,31.594558356057068
10.197335720062256,25.98556462155146
10.229995012283325,30.619157121686634
10.262890815734863,30.399014314187355
10.29550576210022,30.660789344795575
10.329381704330444,29.519474121306814
10.361731767654419,30.911840573087865
10.394336938858032,30.66998157302056
10.428798913955688,29.01748948417091
10.460943698883057,31.10924531800482
10.503756761550903,23.357357257018116
10.536865711212158,30.203313914552563
10.569608926773071,30.540677904394364
10.602134704589844,30.744845077442953
10.634200811386108,31.185575671958066
10.6662757396698,31.176998780959178
10.698405742645264,31.12355765306501
10.730313777923584,31.340068145137188
10.76259994506836,30.973016881064556
10.794587850570679,31.261815498595034
10.826283693313599,31.54987889455552
10.858956575393677,30.60642148277875
10.894165992736816,28.40149242614048
10.931990623474121,26.437799404972015
10.964898824691772,30.38756185384019
10.998572587966919,29.696710516999673
11.02841067314148,33.514214942069515
11.064238786697388,27.91104249570784
11.097295761108398,30.250802374306712
11.130205869674683,30.385800702720324
11.162224769592285,31.231553943870676
11.194771766662598,30.724800750117208
11.228394985198975,29.741352658375053
11.260948896408081,30.718275096857354
11.294350624084473,29.93857113285795
11.326424837112427,31.177694028796765
11.362059593200684,28.06249038223507
11.393828868865967,31.476953095684802
11.42589282989502,31.187662656335977
11.462337732315063,27.43867958472076
11.494452953338623,31.1378831634509
11.52921175956726,28.769687699346317
11.5620698928833,30.43386519805249
11.595715761184692,29.721331339772252
11.627593755722046,31.36960196251477
11.66100788116455,29.9274629144696
11.69394564628601,30.36028693241453
11.727368831634521,29.919350581722984
11.760401725769043,30.27285456513894
11.795288801193237,28.66391028313298
11.82897162437439,29.688722783770775
11.863723754882812,28.7752142205391
11.895654916763306,31.317369651083784
11.927000761032104,31.902155559274078
11.961363792419434,29.101041428165047
11.992746829986572,31.86434703335106
12.028834819793701,27.710049945825958
12.061015605926514,31.07444286391655
12.095324754714966,29.146744682181748
12.131235837936401,27.846556279959103
12.1629638671875,31.517873111056005
12.194798707962036,31.41212507021157
12.229952573776245,28.446373587618517
12.261688709259033,31.509822629234247
12.299046754837036,26.767995609192614
12.330764770507812,31.527823505092645
12.362975835800171,31.045232156206747
12.39480972290039,31.41306610945095
12.427377700805664,30.705007320644217
12.461362838745117,29.42462678190594
12.494363784790039,30.30216159981505
12.528177738189697,29.57359017387503
12.562742710113525,28.931023065886766
12.594355821609497,31.632444662317585
12.627479791641235,30.18961794259062
12.662908792495728,28.225464333781964
12.69473671913147,31.418948882363516
12.728749752044678,29.400494879469512
12.760977745056152,31.02892568097415
12.794888734817505,29.488965289349167
12.831936597824097,26.992110174399897
12.863911867141724,31.27416973619458
12.897056818008423,30.170507840598475
12.929704904556274,30.62966641350704
12.962902784347534,30.122405596012698
12.994355916976929,31.793335556835753
13.029254913330078,28.65411915806445
13.062983751296997,29.648219751323612
13.094444751739502,31.78538463287283
13.129542827606201,28.491590359481563
13.167423963546753,26.398363596311796
13.205030918121338,26.590826386027196
13.2387216091156,29.68178955339009
13.271097660064697,30.887028241098715
13.304969787597656,29.522798620398394
13.334279775619507,34.11806239069427
13.36647081375122,31.06454647123738
13.399158000946045,30.593026987600293
13.431816816329956,30.619604178681715
13.46504282951355,30.096900114810563
13.500446796417236,28.245422404794773
13.531875848770142,31.817694939426353
13.568667888641357,27.17979224583163
13.602278709411621,29.75232312341283
13.633173942565918,32.36745277194716
13.66560173034668,30.8377496103285
13.699138641357422,29.817892282318148
13.73165488243103,30.75386228488888
13.763243675231934,31.656796962858415
13.795669794082642,30.839336789088637
13.827927589416504,31.000258686316972
13.862285614013672,29.105282149498986
13.898863792419434,27.338704210663536
13.936400890350342,26.640311987906657
13.969392776489258,30.310482880226626
14.001730680465698,30.92346370774505
14.034136772155762,30.85839568572921
14.073802947998047,25.210395980092805
14.106929779052734,30.187010594196224
14.141015768051147,29.3375674106612
14.180008888244629,25.645549651786315
14.213336706161499,30.004964696287924
14.248738765716553,28.246944176931315
14.276346683502197,36.22149297039621
14.307852745056152,31.73992402342863
14.339418888092041,31.67951177510234
14.373254776000977,29.55441874885497
14.403315782546997,33.26568584684935
14.436195611953735,30.413783101777998
14.469937801361084,29.63648825295884
14.500967741012573,32.22693989196997
14.535082817077637,29.312553725303832
14.564947843551636,33.48398170249794
14.597288846969604,30.920500117952347
14.632140636444092,28.692931269197356
14.666295766830444,29.278178378717968
14.700342655181885,29.371259707429115
14.733033895492554,30.589234011829312
14.766388893127441,29.98051479260334
14.8017737865448,28.260647508675
14.834415674209595,30.635483164122416
14.867756605148315,29.99316371333362
14.899852752685547,31.156387190705757
14.93272876739502,30.417312099324107
14.96557068824768,30.448888921153692
15.007995843887329,23.570921188688576
15.039788722991943,31.453584203856046
15.071646928787231,31.389087208040532
15.10458755493164,30.357650022075376
15.136953830718994,30.896356645108064
15.17050290107727,29.807085243222115
15.201261758804321,32.51096022075466
15.23294472694397,31.562699416049604
15.26557469367981,30.64667543475084
15.304454803466797,25.720091982216772
15.337430715560913,30.32516574965115
15.37079668045044,29.97066032140739
15.404444932937622,29.719225400514414
15.434329748153687,33.46180971072072
15.466953992843628,30.652050629951184
15.499233722686768,30.979193594847516
15.530977010726929,31.502722677462238
15.564577579498291,29.76140096926865
15.628345727920532,15.68181019430725
15.663732767105103,28.258933865143103
15.69599986076355,30.99132542227608
15.730413675308228,29.058098128056976
15.761799812316895,31.861200367661024
15.8002769947052,25.989429005173964
15.832567691802979,30.968671780975658
15.865041732788086,30.79382699734226
15.8968026638031,31.485223135532785
15.929474592208862,30.607314866166554
15.981376647949219,19.2670595747222
16.017133712768555,27.966501306875767
16.04444169998169,36.61932284482006
16.077457904815674,30.288157134604276
16.111745595932007,29.164985084797618
16.142051696777344,32.99665651821608
16.176225662231445,29.26204163643467
16.20637273788452,33.17071318982016
16.239139795303345,30.51845599738058
16.272689819335938,29.80623796360122
16.3090717792511,27.486149793246263
16.342992782592773,29.480260059743454
16.37221884727478,34.21603321830923
16.405871868133545,29.715014417184435
16.438028573989868,31.097712696941613
16.47086477279663,30.454194953712108
16.503463745117188,30.675813647334163
16.53682255744934,29.97708641551777
16.568477869033813,31.590275057994155
16.600887775421143,30.8547636037282
16.632255792617798,31.879605068140187
16.664679765701294,30.841377687579048
16.696379899978638,31.54560770156438
16.732831954956055,27.433295615830886
16.772579669952393,25.158678935182408
16.804580688476562,31.249005379147977
16.836756944656372,31.07881769748883
16.868379831314087,31.622666546035767
16.90088963508606,30.759951890639208
16.93321681022644,30.933726676008554
16.967880964279175,28.848244745240454
17.00017786026001,30.962727829739485
17.042993783950806,23.355796484077
17.076730728149414,29.641095948495792
17.109330892562866,30.67469192233152
17.14200186729431,30.60820830171055
17.17544174194336,29.90441831780232
17.208380699157715,30.359188164104346
17.246152877807617,26.47451208119777
17.296888828277588,19.70988994464338
17.32856273651123,31.571727512231842
17.365845918655396,26.821744885756857
17.396177768707275,32.96864511362118
17.432726621627808,27.36063980377959
17.463687896728516,32.2984113783199
17.500080823898315,27.47786665618469
17.53113293647766,32.20392807235761
17.56465983390808,29.826798082803545
17.594937801361084,33.02731603606441
17.628365755081177,29.915082699151966
17.657846689224243,33.920227735903985
17.695005893707275,26.91123273256896
17.721314668655396,38.01013167553264
17.758742570877075,26.718034958976713
17.788217782974243,33.92681269615297
17.821760654449463,29.812593735117883
17.852247714996338,32.8008008008008
17.88943886756897,26.888115339987564
17.918699741363525,34.17532938425311
17.951363801956177,30.614687269621832
17.985270738601685,29.49249029645047
18.018743753433228,29.874811248183708
18.04794692993164,34.24285026166042
18.081286907196045,29.99402165362777
18.114601850509644,30.016560154008
18.14684271812439,31.01653503712249
18.181026697158813,29.2534698489308
18.212121725082397,32.15948229593167
18.244614839553833,30.775750994232716
18.294156789779663,20.18491390511757
18.32783794403076,29.69019388542426
18.365893840789795,26.277136663784788
18.393162965774536,36.67151038251366
18.42596459388733,30.48629161215293
18.46256995201111,27.318405043833938
18.493233919143677,32.611566392461164
18.530245780944824,27.018365230386696
18.557679653167725,36.4512888255436
18.589894771575928,31.041326228537596
18.623145818710327,30.07424084895852
18.65645170211792,30.024725294391352
18.69042181968689,29.437637299008287
18.722805976867676,30.879296762841513
18.759365797042847,27.352432129278807
18.791051626205444,31.55984951091046
18.827570915222168,27.38278939499781
18.854052782058716,37.76168825907286
18.88725781440735,30.11591705439715
18.9177086353302,32.83983714375196
18.950394868850708,30.593919589192975
18.985731840133667,28.29897310645418
19.0147967338562,34.40576833159704
19.049954652786255,28.443094199900994
19.08041286468506,32.83186824369281
19.11467981338501,29.182639188455813
19.146217823028564,31.7077713940127
19.180734872817993,28.971189777240546
19.21053171157837,33.560607151715914
19.245596885681152,28.518324108951955
19.277366638183594,31.47648065319845
19.30920171737671,31.41188981921124
19.343953847885132,28.7752142205391
19.37442183494568,32.82133466883686
19.407935857772827,29.838256217631326
19.440202951431274,30.99132542227608
19.47307801246643,30.418194476676724
19.520558834075928,21.061135129978055
19.556567668914795,27.77096244504476
19.58544373512268,34.630755893159396
19.618342876434326,30.395930110371115
19.654310703277588,27.802624950285033
19.681720733642578,36.48299497242663
19.71706771850586,28.29095618389812
19.745070695877075,35.71048845069943
19.78040385246277,28.30202836745435
19.808146715164185,36.0453068871281
19.841014623641968,30.42481393898069
19.874014854431152,30.302818376886563
19.90695071220398,30.36204512715085
19.940436840057373,29.863112402190087
19.971154928207397,32.554109328552244
20.004284858703613,30.184186474952682
20.03758478164673,30.030099520297846
20.069401741027832,31.429778943424502
20.102949857711792,29.807932571014348
20.13552689552307,30.696468039637583
20.16877269744873,30.078985678736114
20.20012378692627,31.896818154164386
20.233497858047485,29.963380744529616
20.265249013900757,31.49491642512803
20.29921579360962,29.440530087669426
20.333391666412354,29.26040852773747
20.36638379096985,30.310263840611654
20.39866876602173,30.97416053111592
20.43256664276123,29.500372772158844
20.465142726898193,30.697366687647293
20.4996337890625,28.993018401006456
20.53195071220398,30.943539879156308
20.56807279586792,27.683895793593695
20.60034680366516,30.98468607563143
20.635162830352783,28.72240445390984
20.671652793884277,27.404795818360014
20.703086853027344,31.8126270440824
20.735198974609375,31.14088857210739
20.76725459098816,31.19578136272694
20.800074815750122,30.469017419982855
20.83228588104248,31.045232156206747
20.866819620132446,28.957188718975456
20.900266885757446,29.8978102189781
20.934297800064087,29.385046519448494
20.97034764289856,27.739371974286396
21.002145767211914,31.44839582817854
21.034236907958984,31.161248142644872
21.066044807434082,31.438731148622313
21.100422859191895,29.08832667554372
21.1327486038208,30.93509558649988
21.174680709838867,23.84807477995861
21.207042694091797,30.900453822125304
21.240083932876587,30.265209077461485
21.273773670196533,29.682629772477974
21.302947759628296,34.27699096964001
21.335612773895264,30.61379345580883
21.367209911346436,31.64843655680309
21.401198625564575,29.421530734643202
21.436331748962402,28.46316818110872
21.473501920700073,26.903292431832615
21.506917715072632,29.92596820685522
21.559285879135132,19.095571095571096
21.589731693267822,32.84523762911221
21.6250057220459,28.34946941534302
21.650839805603027,38.70855328731219
21.68289875984192,31.192533372996692
21.717392683029175,28.990613638562877
21.748857736587524,31.781290254140966
21.78334879875183,28.993018401006456
21.81300973892212,33.71437298544294
21.846903800964355,29.50369296999198
21.87753176689148,32.64989919276368
21.910054683685303,30.747549684409616
21.942410945892334,30.90591841546805
21.976386785507202,29.43267955510333
22.010368585586548,29.427517013961975
22.04211974143982,31.49491642512803
22.074244737625122,31.128408365617254
22.106412649154663,31.08687982686293
22.138091564178467,31.566737662845917
22.171095609664917,30.29931589479083
22.20835566520691,26.838392628615306
22.252574920654297,22.614582490874486
22.28612780570984,29.803696413725476
22.32150387763977,28.267694671716832
22.352818727493286,31.933731270556706
22.388234853744507,28.23572496061826
22.418039798736572,33.55147946980666
22.453980922698975,27.823281237562025
22.48232388496399,35.28212720497312
22.51802372932434,28.01132660148528
22.548046827316284,33.30768864253609
22.58221960067749,29.263062421946405
22.612374782562256,33.1617963314358
22.648444890975952,27.723786924363306
22.676397800445557,35.77445135317247
22.72318387031555,21.373883354141718
22.762853860855103,25.20797172873044
22.787575721740723,40.45002941431754
22.819989919662476,30.850678533338236
22.85402274131775,29.3833996525248
22.886305570602417,30.97621931405276
22.920905828475952,28.901518701248587
22.951427698135376,32.76339264790889
22.984636783599854,30.112241454816964
23.018547773361206,29.488965289349167
23.04793071746826,34.03334929122613
23.08213186264038,29.23878703380969
23.113780975341797,31.59646241694665
23.146955728530884,30.143404362355817
23.181504726409912,28.944399588707395
23.21219778060913,32.58066119811086
23.245609760284424,29.92938490081347
23.277010917663574,31.845959941080892
23.310197830200195,30.13236012529096
23.344034671783447,29.553585772466565
23.375687837600708,31.592416561843283
23.409563779830933,29.519474121306814
23.44271159172058,30.167903791932794
23.4767746925354,29.35728034380665
23.50949478149414,30.562264095950102
23.542479753494263,30.316836406479265
23.57516860961914,30.591465060135516
23.607974767684937,30.482081991874942
23.6416437625885,29.70091631378436
23.671998977661133,32.9432684831015
23.706812858581543,28.724174770579374
23.739091873168945,30.979880048453335
23.771430730819702,30.922551773457485
23.803282737731934,31.39519599991018
23.835474729537964,31.063626197018287
23.86762762069702,31.10140220526624
23.904181957244873,27.356535350900078
23.940361976623535,27.639565074135092
23.973166704177856,30.483411220047532
24.006256818771362,30.220505800129693
24.038293838500977,31.213889695102438
24.0760977268219,26.452305421888106
24.109490871429443,29.946266269696775
24.139869928359985,32.91741420039398
24.17208766937256,31.03879938726125
24.204848766326904,30.524008441889237
24.237241744995117,30.870887492087792
24.269086837768555,31.40201245807379
24.304285764694214,28.40995698851898
24.33655571937561,30.988577761359437
24.36807870864868,31.722879811219435
24.40288472175598,28.7306677991876
24.43502378463745,31.11478401495538
24.46912980079651,29.32034029821532
24.503447771072388,29.139252466305404
24.53676676750183,30.012908765652952
24.571509838104248,28.782717896282673
24.604763746261597,30.07165339088165
24.636964797973633,31.05488631063001
24.668997764587402,31.217839173538955
24.702584743499756,29.773442934821187
24.734838724136353,31.003925105149946
24.768796920776367,29.447971298383077
24.80113983154297,30.918676652709795
24.83659267425537,28.206482851378613
24.868042945861816,31.796227788222453
24.90445375442505,27.464372241648004
24.937583684921265,30.184186474952682
24.974759817123413,26.898979015956083
25.00761866569519,30.433202728196196
25.039292812347412,31.571489864585136
25.071382761001587,31.162405735725695
25.103816747665405,30.831855804995662
25.135175943374634,31.888572949137078
25.17013382911682,28.605848974247053
25.2032368183136,30.208752268733253
25.238465785980225,28.385731011565976
25.270718812942505,31.004841845371416
25.307957887649536,26.853513624257324
25.341136693954468,30.13972205055978
25.372976779937744,31.406950362044824
25.40536665916443,30.873841578765283
25.437647819519043,30.977820778894657
25.470759868621826,30.20048674414251
25.503057718276978,30.96181357821462
25.53797459602356,28.639445005872233
25.570409774780273,30.830722639165558
25.602460861206055,31.200190430849798
25.63604474067688,29.776190712830378
25.669081687927246,30.26914056016223
25.70381784439087,28.788447019094814
25.736872911453247,30.252547910821317
25.769608736038208,30.547573268076675
25.803021669387817,29.928530654184268
25.83740782737732,29.08146936058686
25.870060682296753,30.62519349280061
25.90450882911682,29.029137771133534
25.936976671218872,30.799706271111763
25.971497774124146,28.967788275595336
26.003238916397095,31.50485232701379
26.035547733306885,30.951303564971628
26.071394681930542,27.89637719234069
26.116272687911987,22.282629946024056
26.153111696243286,27.145138951810193
26.186123609542847,30.292094581906948
26.219661712646484,29.816832422211007
26.251510620117188,31.398251287579352
26.284055709838867,30.726601418273457
26.317999839782715,29.46017475346276
26.351309776306152,30.021071919377004
26.386491775512695,28.42362635873248
26.416316747665405,33.52894999800152
26.449946880340576,29.735238027719685
26.48204779624939,31.151759122406993
26.514193773269653,31.1080916709931
26.547706842422485,29.839105318573747
26.577725887298584,33.31218578497169
26.611219882965088,29.856097491529283
26.64203381538391,32.45285237885224
26.674076795578003,31.208083453622823
26.706891775131226,30.473887645674097
26.738295793533325,31.843058655612747
26.771111726760864,30.473002034292357
26.8032546043396,31.111091331211938
26.838260889053345,28.56629911392319
26.869592666625977,31.916478332001674
26.905974626541138,27.486149793246263
26.938896894454956,30.374578161435625
26.972968816757202,29.349679514092983
27.00481367111206,31.402247561149085
27.036926984786987,31.139732577045578
27.07223677635193,28.32075624577988
27.10455870628357,30.93874660686888
27.13903570175171,29.004847621484437
27.17139196395874,30.90591841546805
27.204484701156616,30.21811082052723
27.23760676383972,30.191356425095737
27.272945880889893,28.297254812006233
27.304905891418457,31.28910108168594
27.336570739746094,31.5807607746288
27.37161087989807,28.538698637127556
27.403700828552246,31.162405735725695
27.43808364868164,29.084292569273014
27.471157789230347,30.23510160535744
27.506622791290283,28.196812122271446
27.537961959838867,31.908951204296823
27.57093381881714,30.328893516710774
27.603667974472046,30.54913071662163
27.637070655822754,29.93771636176758
27.670971870422363,29.49746821199505
27.70375967025757,30.499149227032767
27.73871684074402,28.606434276126883
27.770869970321655,31.101171585347767
27.8048677444458,29.413690330091097
27.836763858795166,31.351781256073313
27.87269401550293,27.831773964512745
27.90449094772339,31.44957485416073
27.93896174430847,29.010063562985454
27.973524808883667,28.93261961260416
28.006138801574707,30.66168590498052
28.0378737449646,31.51100626568299
28.07120156288147,30.004964696287924
28.104606866836548,29.935365992919948
28.139201641082764,28.906099889042803
28.176869869232178,26.547572028963494
28.213871717453003,27.02567704272634
28.252938985824585,25.596875381423168
28.2898428440094,27.09743775276834
28.317327737808228,36.383622484385846
28.352256774902344,28.629475164331105
28.38064479827881,35.22612288776161
28.413724899291992,30.22965376077493
28.44714379310608,29.923192717362614
28.476378679275513,34.20570869352471
28.50956678390503,30.131277792544594
28.54242777824402,30.431215491659955
28.57420778274536,31.466326568888555
28.60623073577881,31.2276009946841
28.63874578475952,30.75498980774025
28.67335867881775,28.890967577508835
28.706191778182983,30.457069826885093
28.740121841430664,29.47238832713807
28.773345708847046,30.09884392648779
28.807291746139526,29.458519454979633
28.847853660583496,24.653668686702442
28.880621671676636,30.517567793712118
28.912275791168213,31.591464746510805
28.94538974761963,30.19874721002232
28.978226900100708,30.453310486535152
29.014588832855225,27.501288414758086
29.047363758087158,30.51112986294992
29.081767797470093,29.066354356518666
29.11440682411194,30.638168563456002
29.146668672561646,30.99636406633362
29.1791889667511,30.750029325513196
29.212061882019043,30.42018001290987
29.244109630584717,31.20344001547412
29.278050661087036,29.462865010290884
29.30832576751709,33.03043714512966
29.348028898239136,25.186930647882924
29.37991189956665,31.3646757947161
29.419877767562866,25.021350720937306
29.452811002731323,30.364462977441868
29.485655784606934,30.44623659816639
29.521199703216553,28.134208019747522
29.549649715423584,35.14936980423706
29.58416485786438,28.97279076032521
29.613678693771362,33.8824137652476
29.647735595703125,29.362623823024958
29.67819857597351,32.82672906997676
29.710537910461426,30.922095826483144
29.743306875228882,30.516679641742396
29.77648091316223,30.14405427548835
29.80910587310791,30.651378627438085
29.841254711151123,31.105323267231277
29.87359380722046,30.92232379828959
29.906866788864136,30.054415041882528
29.938700675964355,31.41306610945095
29.977232694625854,25.952442533180708
30.023831605911255,21.459728830903043
30.057068586349487,30.086968997030258
30.091166973114014,29.326900621595733
30.12317967414856,31.23760156698021
30.156901836395264,29.654088984099378
30.189175605773926,30.984914971263095
30.224008798599243,28.708249772417712
30.254397869110107,32.90656749907815
30.287150621414185,30.53178525932666
30.322596788406372,28.211795092552734
30.351638555526733,34.43316640669896
30.38491678237915,30.049677960151598
30.418394804000854,29.870343334496535
30.453152894973755,28.77027972507648
30.483332872390747,33.13455097010681
30.516032695770264,30.58120493171859
30.549165725708008,30.1813628840757
30.581605672836304,30.826190808669512
30.614928722381592,30.009258265541938
30.647000789642334,31.179779958370503
30.679810762405396,30.478537950078117
30.712973833084106,30.15402312072238
30.7459557056427,30.31968540365487
30.778560638427734,30.67020584256517
30.810839653015137,30.979880048453335
30.843373775482178,30.736959357457973
30.87576174736023,30.875659759284478
30.910491704940796,28.793585413405825
30.944700717926025,29.232062334910754
30.977956771850586,30.069713089485685
31.011600732803345,29.723016306080943
31.044460773468018,30.432098675857066
31.07674765586853,30.972330731570437
31.1144757270813,26.50546311685193
31.14746594429016,30.31201624617875
31.17934489250183,31.36866352554035
31.211479663848877,31.118939332111616
31.243982791900635,30.766269585118245
31.275762796401978,31.466326568888555
31.307440757751465,31.56768798874062
31.339317798614502,31.370540455640153
31.374542713165283,28.38899718431882
31.406171798706055,31.616468921017322
31.440724849700928,28.941004374646372
31.47353982925415,30.473887645674097
31.507446765899658,29.49249029645047
31.539726734161377,30.97896478373907
31.57944083213806,25.17997514603207
31.612866640090942,29.917003095621904
31.64313292503357,33.04006427929986
31.674750804901123,31.627674094182407
31.70649766921997,31.499173901288714
31.741277933120728,28.751938250193653
31.772743940353394,31.780327024201004
31.80779480934143,28.529963132762866
31.84101390838623,30.10316440705945
31.873472690582275,30.808303095297557
31.90864372253418,28.432489594490164
31.940638780593872,31.254826859020692
31.97882580757141,26.186903751061386
32.01139974594116,30.699388838060383
32.04419779777527,30.489615817976958
32.07701277732849,30.473887645674097
32.108354806900024,31.90603843052534
32.14094376564026,30.685239377267937
32.182915687561035,23.825451736223535
32.21563959121704,30.558701385751963
32.24713182449341,31.753861062322088
32.27976965904236,30.639287618797162
32.31182885169983,31.19230139961031
32.343995809555054,31.087801479417127
32.377142667770386,30.16877175820698
32.410324811935425,30.136690233948382
32.442012786865234,31.557712419775935
32.476343631744385,29.12832479131075
32.50948476791382,30.17398060487468
32.541929960250854,30.821207333651763
32.5761137008667,29.253673880747957
32.60918974876404,30.23335808146701
32.6424777507782,30.04085374588168
32.677326679229736,28.695286897863404
32.710906744003296,29.779573289786644
32.74465584754944,29.63041666077963
32.77708697319031,30.834575742872687
32.81596279144287,25.72293124490209
32.8487229347229,30.524897020508565
32.88106179237366,30.922551773457485
32.91265892982483,31.64843655680309
32.952751874923706,24.94204398139889
32.98716974258423,29.0546761892227
33.01710367202759,33.40690709825411
33.05073571205139,29.73355167549251
33.081217765808105,32.80618845374694
33.11346364021301,31.011719125464882
33.14570474624634,31.016305674078787
33.177451610565186,31.499173901288714
33.209571838378906,31.133029497780615
33.242798805236816,30.096036279096467
33.274906873703,31.144819597389194
33.30797076225281,30.24447649264494
33.34196090698242,29.420292498158734
33.37520885467529,30.077044431058717
33.40924072265625,29.384223062911587
33.44291687011719,29.694608065246943
33.475231885910034,30.94536627834055
33.5090229511261,29.593621675015875
33.54071569442749,31.552964364435148
33.576480865478516,27.960162655822945
33.608439683914185,31.290268193517104
33.64311766624451,28.83674114816088
33.674516916275024,31.84789442512415
33.71039581298828,27.871537076292306
33.74360394477844,30.113106221057542
33.779157876968384,28.12628416619726
33.83877778053284,16.772922131934227
33.875895738601685,26.94113717530382
33.90288996696472,37.04495592729328
33.93818378448486,28.333574270601826
33.96983575820923,31.59360641166634
34.016026735305786,21.64924976385756
34.034326791763306,54.644640158424096
34.07099485397339,27.271689304732863
34.101686000823975,32.58268597352557
34.13877463340759,26.962439171771845
34.164448976516724,38.94938989283658
34.19729280471802,30.447120654485797
34.234768867492676,26.68369956611912
34.265190839767456,32.87097861268505
34.30174160003662,27.359212028309578
34.331963777542114,33.08828425146535
34.363876819610596,31.335151248010877
34.397440671920776,29.793957819814317
34.43141174316406,29.436810892374638
34.462302923202515,32.37169958399901
34.49848985671997,27.634284057741848
34.52767276763916,34.2666296302348
34.56394863128662,27.56653872443346
34.59081697463989,37.218520950538625
34.623820781707764,30.299534776201348
34.657864809036255,29.373728036080706
34.68952965736389,31.5807607746288
34.723140716552734,29.75211207660933
34.75468587875366,31.700581966593607
34.789562702178955,28.672336003937545
34.82012677192688,32.71815593431881
34.85345983505249,30.000243188922028
34.88747787475586,29.396167701602163
34.91727375984192,33.56168132316581
34.95030665397644,30.27285456513894
34.982640743255615,30.927111982834262
35.020734786987305,26.250823016936
35.05344367027283,30.572734363041306
35.087092876434326,29.718383108371416
35.11876177787781,31.576718939388236
35.15218377113342,29.92041774264884
35.18304991722107,32.397954612164185
35.215709924697876,30.618486560670434
35.247806787490845,31.155692892797717
35.27996897697449,31.092410562054294
35.31328058242798,30.01956784689269
35.34735584259033,29.346804550733967
35.37950778007507,31.102324719142782
35.41120266914368,31.550828205629692
35.44292974472046,31.51882049702043
35.476515769958496,29.77428835096188
35.50911998748779,30.670878670878672
35.55043578147888,24.20381900964274
35.58326768875122,30.458175691867517
35.61519169807434,31.324386291159755
35.648157835006714,30.334157807188834
35.680232763290405,31.176998780959178
35.71252465248108,30.967528536199996
35.744839906692505,30.94513796665191
35.77674579620361,31.342175859157244
35.81129169464111,28.946996466431095
35.84322786331177,31.312459873086972
35.877885818481445,28.85340450999546
35.910661697387695,30.51024208566108
35.942150831222534,31.756986560666288
35.978033781051636,27.868388880029766
36.00973176956177,31.54774315349264
36.045254707336426,28.150824865430824
36.07771277427673,30.808981996341974
36.110201835632324,30.779590369049455
36.14445781707764,29.191982182628063
36.17855477333069,29.328131009069107
36.21011471748352,31.685734143172272
36.243109703063965,30.30763561214241
36.277503967285156,29.07461527797033
36.31047987937927,30.32516574965115
36.3449809551239,28.984603477347488
36.377644777297974,30.6149107312302
36.412288665771484,28.865120056156965
36.44448685646057,31.05764574339684
36.4818959236145,26.731487205633982
36.515172719955444,30.050969743431754
36.54795479774475,30.504472792331526
36.579864740371704,31.338194859533772
36.61228275299072,30.847048267645306
36.64378762245178,31.74112501040555
36.676835775375366,30.25887716969426
36.7125678062439,27.986094708115647
36.74436378479004,31.450518138600202
36.77855062484741,29.25102168909966
36.8099205493927,31.8776667300019
36.84593677520752,27.765263499334715
36.87791991233826,31.266476328207116
36.910550594329834,30.64600366790148
36.945926904678345,28.267504161640126
36.98149394989014,28.115914438359287
37.01612067222595,28.879429889489447
37.04961276054382,29.857797773285117
37.081711769104004,31.1536101847244
37.114908933639526,30.12305460395435
37.14657258987427,31.5819497466248
37.17819690704346,31.621236109226338
37.21038579940796,31.066617287608324
37.24558997154236,28.40572407674543
37.28196978569031,27.487770991165753
37.314151763916016,31.073291796623227
37.346866846084595,30.56694141396474
37.37835478782654,31.75818883925191
37.412142753601074,29.596336360493094
37.44594669342041,29.58235061784122
37.47825574874878,30.95107516566554
37.51149797439575,30.08222164844938
37.545453786849976,29.450038968972272
37.57778191566467,30.932814136318715
37.61286282539368,28.505532146255266
37.6448335647583,31.278600991834146
37.67737674713135,30.728402297503223
37.71243691444397,28.522396686908802
37.74674367904663,29.148770266795466
37.77921271324158,30.79857546719536
37.81135272979736,31.113860761841178
37.844873905181885,29.831889500561886
37.8780038356781,30.184186474952682
37.91366982460022,28.037915959196223
37.945966720581055,30.962727829739485
37.97837471961975,30.856579537846965
38.01100969314575,30.64197368517179
38.047626972198486,27.309511407438276
38.08165383338928,29.38854672468277
38.11395883560181,30.954958412363375
38.146607875823975,30.628771724843
38.17904877662659,30.825284602438504
38.21167063713074,30.65429085115402
38.2466938495636,28.552492205475907
38.278345823287964,31.59360641166634
38.30972957611084,31.86362082456527
38.347914934158325,26.18804827642185
38.37993860244751,31.226903519286463
38.41388273239136,29.46017475346276
38.44677186012268,30.405184599882563
38.479238748550415,30.800610974033603
38.51282477378845,29.77428835096188
38.55027675628662,26.70085622433714
38.58233594894409,31.19230139961031
38.61458683013916,31.00690470910032
38.65648579597473,23.86693752596209
38.68975377082825,30.058938195161105
38.722184896469116,30.834575742872687
38.756518840789795,29.12569527870173
38.786364793777466,33.505380123499194
38.82117676734924,28.7257485686108
38.8502516746521,34.3939187693216
38.88212776184082,31.37147900492154
38.914299726486206,31.08296341309777
38.954590797424316,24.819394886178717
38.98900890350342,29.054474923801607
39.018279790878296,34.16363799268557
39.050206899642944,31.321345361132686
39.082804918289185,30.67671108640639
39.11538767814636,30.691077256296555
39.147852659225464,30.802420539333763
39.18003988265991,31.06822811344933
39.21323084831238,30.12868051115916
39.2510027885437,26.47467918978457
39.283915758132935,30.383159358769113
39.31592679023743,31.23923017338974
39.348567724227905,30.636378244927176
39.38079261779785,31.031910092408314
39.4153106212616,28.97038935204691
39.4474675655365,31.097482131735816
39.479575634002686,31.144819597389194
39.516894817352295,26.795870387406726
39.54860973358154,31.53090466238667
39.584062814712524,28.20629316547972
39.61810564994812,29.374756628801144
39.64903283119202,32.33401686735842
39.681532859802246,30.76920368264681
39.71440887451172,30.417312099324107
39.74691462516785,30.763787324243246
39.77903485298157,31.133029497780615
39.81207776069641,30.263680443315632
39.845420598983765,29.99144797997855
39.878588914871216,30.14925458962895
39.91312265396118,28.957188718975456
39.946953773498535,29.558584335226712
39.97818374633789,32.0205209637524
40.01133060455322,30.16877175820698
40.04751467704773,27.636469061126597
40.079874753952026,30.90227513851232
40.11221981048584,30.91662551136992
40.1447868347168,30.70590646871065
40.1794319152832,28.86412684430742
40.21221661567688,30.502032594230197
40.247339725494385,28.47128301553792
40.27953267097473,31.062705977323056
40.31342077255249,29.508882275551052
40.34507489204407,31.591464746510805
40.378326654434204,30.073593942696533
40.41339683532715,28.514252693837317
40.445496797561646,31.152684626068613
40.48067569732666,28.426130626020832
40.513038635253906,30.899543244437897
40.550633907318115,26.599089329426835
40.58262872695923,31.255059763331246
40.61406469345093,31.81069684191366
40.65184998512268,26.46532435655559
40.68462586402893,30.51024208566108
40.71806263923645,29.90719032543282
40.74850273132324,32.851411787742315
40.79085683822632,23.61046125440483
40.834946632385254,22.680985907876664
40.86856985092163,29.741352658375053
40.90254282951355,29.435158218298444
40.92939281463623,37.243968494987435
40.964746952056885,28.285232591074006
40.99555993080139,32.4538568079295
41.030494928359985,28.624590521948022
41.06081581115723,32.9805700805976
41.09608769416809,28.351194057090325
41.12432098388672,35.41918104358253
41.15657377243042,31.00507103889768
41.19079279899597,29.22350809963421
41.2201247215271,34.09254879010299
41.253432750701904,30.022791043921433
41.28717589378357,29.635650644037618
41.31774067878723,32.71739028689995
41.350499629974365,30.526007816536996
41.38265585899353,31.098173837610197
41.415111780166626,30.811018879012707
41.4474937915802,30.881342953909588
41.48211193084717,28.886590128031184
41.514092683792114,31.268807264214946
41.54765272140503,29.797344434893187
41.580657720565796,30.298440400771494
41.612571716308594,31.334214871093778
41.65098476409912,26.032821073015715
41.6827929019928,31.438495498939385
41.718973875045776,27.638836538081367
41.751277685165405,30.956100729194343
41.783644914627075,30.89544630887314
41.81630182266235,30.621392537215364
41.848976850509644,30.60441156082861
41.88157367706299,30.677832959091873
41.914384841918945,30.47743060601657
41.946242809295654,31.389322117615365
41.980712890625,29.010665523108635
42.01264977455139,31.31175860189768
42.04759764671326,28.61404538074252
42.08069086074829,30.217675410473838
42.11229181289673,31.64461612747465
42.14920973777771,27.087112919370984
42.18071174621582,31.74400775000189
42.214096784591675,29.953537532047392
42.24802374839783,29.475080815179197
42.282110929489136,29.33654142069776
42.31545376777649,29.99144797997855
42.347572803497314,31.134184995212184
42.380292654037476,30.562486792920275
42.41310691833496,30.47455188799198
42.44608473777771,30.323411823393748
42.48133182525635,28.37113848360018
42.51301884651184,31.558662202324967
42.5480318069458,28.56085254162269
42.581228733062744,30.12327094614976
42.613226890563965,31.25179941882125
42.649131774902344,27.851363914048182
42.681288957595825,31.097251569948916
42.71459364891052,30.025799985682582
42.746421813964844,31.418713529142977
42.780598640441895,29.259592041744565
42.8128776550293,30.979880048453335
42.848158836364746,28.343722124611435
42.87991666793823,31.488295971531958
42.91618371009827,27.573243927291852
42.948246002197266,31.18928605953346
42.98200082778931,29.62539377586913
43.01441264152527,30.852947883335172
43.046597719192505,31.070299420714996
43.08190679550171,28.321329939161494
43.11418175697327,30.98377052692231
43.1495475769043,28.275889034954663
43.18297076225281,29.919350581722984
43.21522259712219,31.005987846888537
43.24900770187378,29.598842666102115
43.280332803726196,31.92328008098214
43.314581871032715,29.19787540636682
43.34820294380188,29.743250813731677
43.38048577308655,30.97621931405276
43.41578388214111,28.33012948240809
43.4481406211853,30.905462958869386
43.481937885284424,29.58819379779339
43.51519584655762,30.067988587322752
43.54732275009155,31.126560296846012
43.582115650177,28.741496039251157
43.6189329624176,27.161135323106013
43.65173292160034,30.48784281799481
43.68442392349243,30.58945710201581
43.71702289581299,30.675813647334163
43.749669790267944,30.630784847843074
43.78520584106445,28.14043703748432
43.81654667854309,31.90725202163511
43.84898376464844,30.82890974708014
43.881547689437866,30.70882906364628
43.91727876663208,27.98684166627743
43.95317769050598,27.855988204900015
43.985005617141724,31.418948882363516
44.017746925354004,30.542457055058364
44.05059576034546,30.44247993148398
44.082865715026855,30.988577761359437
44.11752772331238,28.850030608805707
44.14943170547485,31.344049620745057
44.18143272399902,31.249005379147977
44.215797901153564,29.099224354438107
44.24977684020996,29.429994807673417
44.28131294250488,31.70968912543849
44.31591558456421,28.899527333360894
44.348421812057495,30.763336047117154
44.382956743240356,28.95618916120124
44.41535997390747,30.861120308441677
44.44892072677612,29.796709385922536
44.48125886917114,30.923235719130613
44.516727685928345,28.193779534439763
44.54848885536194,31.484986788373767
44.5840277671814,28.138171621014216
44.61649465560913,30.800610974033603
44.653647661209106,26.915722802266558
44.68812584877014,29.003844770835062
44.722755670547485,28.8768451200705
44.752025842666626,34.164472826795254
44.78489875793457,30.42018001290987
44.81662178039551,31.522847522847524
44.84799265861511,31.876697649320942
44.88253593444824,28.949194188494324
44.916414976119995,29.51677351705501
44.950185775756836,29.61138056408627
44.982372760772705,31.068458245063034
45.01669883728027,29.132371122563796
45.0499587059021,30.066264282949348
45.08259463310242,30.64107827738613
45.115928649902344,29.999384892678076
45.15054178237915,28.890768573750844
45.18244767189026,31.342175859157244
45.21495485305786,30.762433532582786
45.25240969657898,26.69881665467832
45.28466773033142,31.000029563932003
45.31709384918213,30.839336789088637
45.34944677352905,30.909106987575353
45.38353776931763,29.33325873499874
45.4160418510437,30.765366898453774
45.45032072067261,29.17249054084131
45.482523679733276,31.053046961182805
45.516188859939575,29.704281809039532
45.55308270454407,27.104792431370523
45.585556983947754,30.79360091625247
45.61791682243347,30.902502818157036
45.650203704833984,30.972330731570437
45.68333578109741,30.182231625001798
45.71599888801575,30.615581135628727
45.75182890892029,27.909556700070535
45.78415369987488,30.93600826080543
45.81886386871338,28.810001030325928
45.85106873512268,31.0512078296083
45.885594844818115,28.9635875232196
45.922478675842285,27.11215110341172
45.9640588760376,24.049908256880734
45.99857974052429,28.967988341816827
46.027286767959595,34.83467601282328
46.05960965156555,30.937833770985158
46.09187293052673,30.99498972820384
46.125717878341675,29.546507368480373
46.158533811569214,30.473002034292357
46.192450761795044,29.483782985842623
46.22321271896362,32.50768455725635
46.25623083114624,30.286407486569235
46.28926062583923,30.275695301616175
46.323004722595215,29.634813082461335
46.35337591171265,32.92594162623836
46.38636493682861,30.313111602561325
46.41823983192444,31.372652270500325
46.451093912124634,30.437619738751813
46.48417258262634,30.23096106442173
46.51669764518738,30.74552118457704
46.548707723617554,31.240160881870995
46.59154772758484,23.34266823979876
46.62501668930054,29.87842910976713
46.65397882461548,34.52784089038164
46.68722081184387,30.08243740451993
46.71990180015564,30.598829829143384
46.752665758132935,30.52134301640203
46.78478479385376,31.134184995212184
46.81716871261597,30.8795241040139
46.85155367851257,29.082477586481858
46.88358473777771,31.21969809747819
46.9206178188324,27.00288421920066
46.95363187789917,30.29012573029732
46.991063594818115,26.71531210191083
47.02299785614014,31.314330083170326
47.057957887649536,28.604093212305553
47.08988976478577,31.316668159961772
47.12463998794556,28.776793616597942
47.15660786628723,31.281400326663334
47.18891787528992,30.950161602148793
47.22109079360962,31.08204204738297
47.25307583808899,31.26461182960009
47.285937786102295,30.430332358723962
47.31824994087219,30.94810628140518
47.35067176818848,30.843418856214196
47.3846709728241,29.412452753448385
47.41844296455383,29.610335333568656
47.45226860046387,29.563376211453743
47.48787975311279,28.081090490345733
47.52232599258423,29.030745165353895
47.55451798439026,31.063626197018287
47.58669376373291,31.0792782779445
47.619858741760254,30.15228893489763
47.66040277481079,24.664541851411904
47.69426870346069,29.528202528793894
47.724894762039185,32.65193258339497
47.7564058303833,31.734880870413946
47.788763761520386,30.904324376100618
47.82473969459534,27.79636035892746
47.85730981826782,30.702984430015594
47.889715909957886,30.85839568572921
47.92387366294861,29.275930424100288
47.9558687210083,31.254826859020692
47.988189935684204,30.93943126913289
48.0207679271698,30.695569444241155
48.05389881134033,30.18331762149092
48.08627367019653,30.88816554974593
48.11871385574341,30.825964252116652
48.15211081504822,29.942845720567973
48.18446898460388,30.90409666961391
48.217201709747314,30.550465798923454
48.275574684143066,17.13121543576464
48.31060576438904,28.546079452259903
48.34460783004761,29.409977912561793
48.374929904937744,32.97927347067149
48.41148591041565,27.355286414004055
48.44283580780029,31.898031043949775
48.47445774078369,31.623620242475422
48.51146864891052,27.019061423003834
48.53957176208496,35.58324637533617
48.57292866706848,29.978800506043214
48.60732889175415,29.0695775721662
48.636085987091064,34.77402666312927
48.66964888572693,29.794804401412204
48.69951581954956,33.48184336358774
48.73504376411438,28.146857698889374
48.76346182823181,35.18888534657785
48.79630780220032,30.44513159995935
48.82906699180603,30.525785650863888
48.86035370826721,31.962446466401474
48.89556074142456,28.40341574738097
48.93760585784912,23.78397504961724
48.973304748535156,28.012074907167474
49.004469871520996,32.08715076960739
49.036969900131226,30.76920368264681
49.0702908039093,30.011190772621244
49.10052990913391,33.06976157436609
49.13457894325256,29.369408733159677
49.16523575782776,32.61917501399863
49.198007583618164,30.5140154959805
49.23149275779724,29.863962918396265
49.26153588294983,33.28548527894611
49.29578375816345,29.19889171992259
49.32875871658325,30.326042788868243
49.362342834472656,29.775979327284862
49.39180874824524,33.937518711212164
49.42496466636658,30.1605280945738
49.456827878952026,31.38415491903864
49.48998975753784,30.155107088165302
49.522586822509766,30.677608577990373
49.55436587333679,31.467270858497574
49.58621788024902,31.39519599991018
49.62295866012573,27.21771294337517
49.65848088264465,28.151391694800356
49.68964982032776,32.08322369427531
49.72600865364075,27.503632786885245
49.75728464126587,31.97341078357384
49.79250478744507,28.392840702932496
49.8249568939209,30.81464066885111
49.857075929641724,31.134184995212184
49.88970589637756,30.64667543475084
49.926535844802856,27.151816463398845
49.958019733428955,31.762277267460792
49.990588903427124,30.703883459609823
50.02270984649658,31.132336240489888
50.05479288101196,31.16912147199144
50.08691477775574,31.131411945460886
50.120325803756714,29.930239196209396
50.15984892845154,25.301643220809304
50.19163370132446,31.461605970820987
50.226104736328125,29.00986291516233
50.25800585746765,31.346860683243275
50.29034376144409,30.92346370774505
50.32358980178833,30.07876997217521
50.355652809143066,31.188590294611917
50.39107298851013,28.232493958791892
50.42428970336914,30.10532511250996
50.458884716033936,28.90590067676531
50.49051475524902,31.615515655857568
50.522204875946045,31.555575618050227
50.55533957481384,30.17984270778618
50.586928844451904,31.65631910638137
50.619839906692505,30.384920203710546
50.653321981430054,29.86672743067918
50.68469476699829,31.87475966470852
50.72082471847534,27.677867229774318
50.75758481025696,27.203414124773808
50.789352893829346,31.478134263949865
50.82171177864075,30.90341357028654
50.85409092903137,30.88407163053723
50.886690616607666,30.67514060248806
50.93797183036804,19.50031847281823
50.970287799835205,30.94445305179906
51.00355577468872,30.058938195161105
51.03524684906006,31.554626021275634
51.06924390792847,29.414309157468058
51.101759910583496,30.754087782845243
51.13419795036316,30.82800338098563
51.168609619140625,29.059910069076373
51.20169973373413,30.220505800129693
51.23455476760864,30.43673623407158
51.26727485656738,30.562264095950102
51.30084180831909,29.79120676184388
51.333324670791626,30.785464207335423
51.36888289451599,28.12288959515093
51.40302586555481,29.288605226038015
51.43160271644592,34.99335891873853
51.466487646102905,28.66567339630121
51.494903802871704,35.191247294145285
51.52859282493591,29.683259968011775
51.56017470359802,31.663727503321656
51.59176588058472,31.654407824728498
51.624433755874634,30.61111232748743
51.65677070617676,30.92437569582175
51.68914079666138,30.892715622007806
51.724631786346436,28.17616552465404
51.76083564758301,27.621363187355943
51.79259181022644,31.48995082397988
51.82604789733887,29.88992695528238
51.857582807540894,31.710887825383505
51.88962984085083,31.20413644310531
51.92759561538696,26.33951268525496
51.96043872833252,30.447783730417992
51.99262881278992,31.065466799985188
52.024725914001465,31.15546146703807
52.05675387382507,31.222719321100236
52.08923959732056,30.78275292649811
52.121479749679565,31.017223146607506
52.15449285507202,30.29100074385955
52.186527967453,31.215748148699436
52.22059369087219,29.355020226480594
52.25395369529724,29.976015208473292
52.28852581977844,28.92503758465167
52.32586979866028,26.778078553552277
52.35795569419861,31.166342195604038
52.38990068435669,31.303813056490554
52.42259883880615,30.582765811616817
52.45558571815491,30.31508344355544
52.488261699676514,30.603518346916886
52.52196478843689,29.670871032321504
52.55370879173279,31.502012858258727
52.58834481239319,28.871676969037818
52.62060856819153,30.994531642576334
52.65494680404663,29.122055198750218
52.686994791030884,31.203207879838416
52.71957778930664,30.690852681413404
52.75483965873718,28.359245160548753
52.78627371788025,31.8126270440824
52.821089029312134,28.722994535219755
52.85338473320007,30.963870720075594
52.888420820236206,28.54200010887909
52.9263858795166,26.34000891752545
52.965516805648804,25.55523466583804
52.99760365486145,31.165415880281166
53.03030562400818,30.579198320234468
53.06287980079651,30.69916414152504
53.09511661529541,31.020434727943734
53.127256631851196,31.113860761841178
53.15946173667908,31.050977953478732
53.19185471534729,30.870887492087792
53.22490477561951,30.25713090274271
53.25709366798401,31.066617287608324
53.28905701637268,31.285833631698292
53.32182574272156,30.516901674888317
53.35310983657837,31.965125938345462
53.38740086555481,29.162146189519355
53.42181873321533,29.0546761892227
53.45705580711365,28.37920092019351
53.49306273460388,27.77243352050005
53.52779173851013,28.794376098418276
53.56207895278931,29.165390686386996
53.59582471847534,29.633347463614527
53.62712597846985,31.94759572539551
53.6597785949707,30.625417107809135
53.69228959083557,30.758824003930744
53.72470188140869,30.85249398662714
53.75815176963806,29.895466111661523
53.79336762428284,28.396300759617077
53.825257778167725,31.357641095419304
53.85763359069824,30.88725569612796
53.889545917510986,31.335853567426224
53.921759843826294,31.042474928764385
53.95760464668274,27.898047145213642
53.9922297000885,28.880821880078223
54.024335861206055,31.146669835069765
54.05609703063965,31.484986788373767
54.0893816947937,30.04386630947094
54.12291359901428,29.822344517679515
54.156858682632446,29.4593470809687
54.190632820129395,29.60845410457507
54.22318387031555,30.720975030945805
54.256425857543945,30.08243740451993
54.28929376602173,30.42481393898069
54.32216191291809,30.424593243821587
54.35735774040222,28.412458847597243
54.38892483711243,31.678554704611713
54.4239547252655,28.5470508963696
54.45640778541565,30.813735141568344
54.49026870727539,29.53256866845511
54.5274076461792,26.92591736640731
54.55997180938721,30.708604228899432
54.591898679733276,31.3215792578653
54.62454080581665,30.635259402093332
54.656253814697266,31.532801058535192
54.689284801483154,30.27460264757258
54.72229981422424,30.289250767286514
54.755929708480835,29.735448835197868
54.78775382041931,31.422715013485167
54.82226872444153,28.972990895652295
54.855565786361694,30.032679832161424
54.889702796936035,29.29371913871254
54.92674684524536,26.994889749893805
54.958478689193726,31.514084136656322
54.99730563163757,25.7553115712426
55.030831813812256,29.827434414979482
55.06126165390015,32.86247962893318
55.094504833221436,30.08135865511504
55.126280784606934,31.47034019117934
55.167826890945435,24.069644261062685
55.20354080200195,28.000293734770853
55.230716705322266,36.79730488489613
55.263269662857056,30.719175022155166
55.29545974731445,31.065466799985188
55.32781481742859,30.90705711569779
55.360814809799194,30.303037308903853
55.393728733062744,30.382279012828594
55.42608165740967,30.909106987575353
55.45881676673889,30.54824072657883
55.49127173423767,30.811924246653835
55.52558779716492,29.140872078481504
55.55711364746094,31.720000907516507
55.59314584732056,27.7529544101105
55.62705159187317,29.49352722363249
55.65878677368164,31.510769531279347
55.691241979599,30.811697899755377
55.72279667854309,31.69100113335852
55.7556369304657,30.450436322980647
55.789511919021606,29.52030517588435
55.82197284698486,30.806266571674097
55.85729265213013,28.312726978169593
55.88857865333557,31.96317718692607
55.93064069747925,23.774403273986657
55.9632568359375,30.65966871829359
55.99774885177612,28.992216769198865
56.03042483329773,30.603518346916886
56.06342172622681,30.305883713032607
56.09606575965881,30.633469423527778
56.12829279899597,31.02984390027373
56.1617226600647,29.913375887030632
56.196616888046265,28.658034805304837
56.230018615722656,29.93857113285795
56.25909876823425,34.38771511260874
56.290873765945435,31.471284721701156
56.322595834732056,31.523795207888647
56.35658383369446,29.42214989197228
56.38931083679199,30.55580729527126
56.42656373977661,26.8435456
56.45919895172119,30.64174982831928
56.4911527633667,31.29517101414672
56.522700786590576,31.697707108417344
56.557196617126465,28.98901068520797
56.59042263031006,30.096900114810563
56.62323474884033,30.476544788699645
56.655895709991455,30.617592525001825
56.69033169746399,29.039387959981998
56.723092794418335,30.524008441889237
56.755918741226196,30.463706221583067
56.790143966674805,29.218215129117876
56.82261872291565,30.793148764031745
56.85746097564697,28.70078486919987
56.88954281806946,31.170279650121508
56.93161964416504,23.76605112107115
56.963539838790894,31.328129784961497
56.9967098236084,30.147737646001797
57.03026366233826,29.802849326748856
57.06104874610901,32.48326388996453
57.09677076339722,27.993939757990777
57.12930464744568,30.737184607605325
57.161521911621094,31.039258782348718
57.19518685340881,29.70449217781744
57.22735571861267,31.085958228955132
57.259453773498535,31.15453579837925
57.29190397262573,30.81645188309112
57.32358384132385,31.56578739416745
57.35824990272522,28.84665749656121
57.39006781578064,31.428836902603145
57.426023721694946,27.811842716000264
57.458444595336914,30.84432612900142
57.4899537563324,31.73680188258083
57.52572798728943,27.953081680528896
57.56142592430115,28.0128232528318
57.59347367286682,31.20344001547412
57.62588572502136,30.852720933311755
57.657678842544556,31.453348331458567
57.69023895263672,30.71242686739842
57.72518467903137,28.615802364691998
57.758187770843506,30.300191439407623
57.79689288139343,25.83638144399751
57.82847785949707,31.66062033409573
57.85983061790466,31.895120263416043
57.895946979522705,27.688281853409293
57.9382688999176,23.62841739385165
57.97235465049744,29.337772617265642
58.00345778465271,32.1511007542773
58.036478757858276,30.283783393501807
58.07008481025696,29.75654468833804
58.099610805511475,33.86846036449964
58.13267254829407,30.246439414152924
58.164589643478394,31.33117203256891
58.19594478607178,31.892695018743396
58.22854661941528,30.673121645141947
58.26037573814392,31.417772151519465
58.29517388343811,28.737163763925622
58.32767057418823,30.77236410591265
58.36993169784546,23.66240917091664
58.402514934539795,30.690628109816778
58.43497085571289,30.811018879012707
58.46999669075012,28.55035430096182
58.50540471076965,28.242189183365653
58.53600072860718,32.683991927000136
58.56947088241577,29.87736494187372
58.60119986534119,31.516925782042517
58.63428282737732,30.22703949264918
58.667906761169434,29.74071999376015
58.69852590560913,32.65930574805725
58.730835914611816,30.950161602148793
58.76311659812927,30.978278370693157
58.797868728637695,28.7752142205391
58.83027768135071,30.855671544069505
58.86525797843933,28.58752164015322
58.89846658706665,30.11267383172873
58.92995357513428,31.75915072766647
58.963799715042114,29.545466712688697
58.99410080909729,33.002108708652
59.02552390098572,31.82373025387335
59.06180477142334,27.562734519264257
59.09443974494934,30.64197368517179
59.12769269943237,30.072515827436135
59.159472703933716,31.466326568888555
59.192447900772095,30.325823524308067
59.2462317943573,18.59292686602892
59.27911376953125,30.41179840048725
59.31484270095825,27.988522467936313
59.344178915023804,34.08756146125401
59.38105392456055,27.1186370542786
59.409732818603516,34.86884809789838
59.445329904556274,28.092187133719566
59.47427678108215,34.54604157743881
59.50961470603943,28.2982093942706
59.53931164741516,33.67350150130863
59.57351493835449,29.236952718198232
59.60425066947937,32.53542256525618
59.639628648757935,28.26617066300055
59.66928267478943,33.722233835565774
59.70107960700989,31.44957485416073
59.73432779312134,30.076828752339498
59.76435565948486,33.30239944103028
59.797738790512085,29.95524893050229
59.82960081100464,31.38532913296268
59.86216878890991,30.705007320644217
59.91041874885559,20.725405806053118
59.94609093666077,28.03304371073386
59.980655670166016,28.931222624590447
60.01291370391846,31.000029563932003
